catalogID,contextSha256,headword,reading,level,selectedStudyMeanings,senseNotes,legacyWord,indexedSense,japaneseId,englishId,japanese,english,japaneseSha256,englishSha256,japaneseSource,englishSource,japaneseOwner,englishOwner,license,status,reviewer,reviewedOn,verifiedSense,reviewedReading,decision,reason,notes
jmdict:1565440:ああ:ああ:s0,920f51960c0b1e6253effc3049849fa365f30c326b69e6fa4a1849a63a663ba8,ああ,ああ,N5,"[""ah!"", ""oh!"", ""alas!""]","[{""labels"": [], ""meanings"": [""ah!"", ""oh!"", ""alas!""], ""notes"": [""occ. written as 嗚呼, 噫 or 嗟""], ""pos"": [""interjection (kandoushi)""], ""readings"": [], ""spellings"": []}, {""labels"": [], ""meanings"": [""yes"", ""indeed"", ""that is correct""], ""notes"": [], ""pos"": [""interjection (kandoushi)""], ""readings"": [], ""spellings"": []}, {""labels"": [], ""meanings"": [""aah"", ""gah"", ""argh""], ""notes"": [""in exasperation""], ""pos"": [""interjection (kandoushi)""], ""readings"": [], ""spellings"": []}, {""labels"": [], ""meanings"": [""hey!"", ""yo!""], ""notes"": [], ""pos"": [""interjection (kandoushi)""], ""readings"": [], ""spellings"": []}, {""labels"": [], ""meanings"": [""uh huh"", ""yeah yeah"", ""right"", ""gotcha""], ""notes"": [], ""pos"": [""interjection (kandoushi)""], ""readings"": [], ""spellings"": []}]","{""headword"": ""ああ"", ""level"": ""N5"", ""reading"": ""ああ""}",,229847,67211,ある人はこうだと言い、またある人はああだと言う。,"One man says this, another that.",2f9775f391c8e6f8122a3802916b24bdeba8e7799955ddb69e75e9cd4b6ec947,ee148962ccbfa5ecf529fa0d1623f5e96d64cfed2634e864234e77c8a2859945,https://tatoeba.org/en/sentences/show/229847,https://tatoeba.org/en/sentences/show/67211,,,CC BY 2.0 FR,pending,,,,,,,
jmdict:1198180:あう:会う:s0,562e1a18a1236901422b164d181533503bfd0aa85d22c6f9096571ef97a3cf67,会う,あう,N5,"[""to meet"", ""to encounter"", ""to see""]","[{""labels"": [], ""meanings"": [""to meet"", ""to encounter"", ""to see""], ""notes"": [""逢う is often used for close friends, etc. and may be associated with drama or pathos; 遭う may have an undesirable nuance""], ""pos"": [""Godan verb with 'u' ending"", ""intransitive verb""], ""readings"": [], ""spellings"": []}, {""labels"": [""word usually written using kana alone""], ""meanings"": [""to have an accident"", ""to have a bad experience""], ""notes"": [""esp. 遭う when in kanji""], ""pos"": [""Godan verb with 'u' ending"", ""intransitive verb""], ""readings"": [], ""spellings"": []}]","{""headword"": ""会う"", ""level"": ""N5"", ""reading"": ""あう""}",01,140993,273579,前に彼にあったのを覚えている。,I remember seeing him before.,a7da8752e4221f34bba2b383ca172c93e8b945aecadd83d27c7833293978f51c,9c757ff2f7710461a0c0bbe569390e23ba7e65e6ecab781ad90869970efcad03,https://tatoeba.org/en/sentences/show/140993,https://tatoeba.org/en/sentences/show/273579,,CK,CC BY 2.0 FR,pending,,,,,,,
jmdict:1381380:あお:青:s0,fc4ae1a6ec999364f912c62b3b1f17eae213849d78f24f5ad2829fb2564abf78,青,あお,N5,"[""blue"", ""azure""]","[{""labels"": [], ""meanings"": [""blue"", ""azure""], ""notes"": [], ""pos"": [""noun (common) (futsuumeishi)"", ""nouns which may take the genitive case particle 'no'""], ""readings"": [], ""spellings"": []}, {""labels"": [], ""meanings"": [""green""], ""notes"": [""mostly in compound words and in ref. to fruits, plants and traffic lights""], ""pos"": [""noun (common) (futsuumeishi)"", ""nouns which may take the genitive case particle 'no'""], ""readings"": [], ""spellings"": []}, {""labels"": [""abbreviation""], ""meanings"": [""green light (traffic)""], ""notes"": [""See also: 青信号・1""], ""pos"": [""noun (common) (futsuumeishi)""], ""readings"": [], ""spellings"": []}, {""labels"": [], ""meanings"": [""black (horse coat color)""], ""notes"": [""See also: 青毛""], ""pos"": [""noun (common) (futsuumeishi)""], ""readings"": [], ""spellings"": []}, {""labels"": [""abbreviation"", ""hanafuda""], ""meanings"": [""blue 5-point card""], ""notes"": [""See also: 青タン・1""], ""pos"": [""noun (common) (futsuumeishi)""], ""readings"": [], ""spellings"": []}, {""labels"": [], ""meanings"": [""immature"", ""unripe"", ""young""], ""notes"": [], ""pos"": [""prefix""], ""readings"": [], ""spellings"": []}]","{""headword"": ""青"", ""level"": ""N5"", ""reading"": ""あお""}",02,145720,268842,信号が青に変わったわよ。,The traffic light turned green.,431cc91610d3f63e51b5231d554cd636521c30a529176a62cc52531397331a29,f7f691a35a8c540aa42f793e305e20c8b719db194c8c593f5a15b10792894418,https://tatoeba.org/en/sentences/show/145720,https://tatoeba.org/en/sentences/show/268842,small_snow,CK,CC BY 2.0 FR,pending,,,,,,,
jmdict:1381390:あおい:青い:s0,1aaeed587707c35ec789683ba5f2133289054fe21920d2ee2853246e30c7e934,青い,あおい,N5,"[""blue"", ""azure""]","[{""labels"": [], ""meanings"": [""blue"", ""azure""], ""notes"": [], ""pos"": [""adjective (keiyoushi)""], ""readings"": [], ""spellings"": []}, {""labels"": [], ""meanings"": [""green""], ""notes"": [""mostly archaic or in ref. to fruits, vegetables and traffic lights""], ""pos"": [""adjective (keiyoushi)""], ""readings"": [], ""spellings"": []}, {""labels"": [], ""meanings"": [""pale (facial color)"", ""gray"", ""grey""], ""notes"": [], ""pos"": [""adjective (keiyoushi)""], ""readings"": [], ""spellings"": [""青い"", ""蒼い""]}, {""labels"": [], ""meanings"": [""unripe"", ""inexperienced""], ""notes"": [], ""pos"": [""adjective (keiyoushi)""], ""readings"": [], ""spellings"": [""青い"", ""蒼い""]}]","{""headword"": ""青い"", ""level"": ""N5"", ""reading"": ""あおい""}",01,199202,36403,なぜ空が青いか知っているか。,Do you know why the sky is blue?,f871140cb25089528c252f28c81087fa4406f9b16d8477342a353f0a521b6d6c,38b1e1f4927c4ef5ad8d2141adc83b960c76c709762e3c2c00260fa66456a2e0,https://tatoeba.org/en/sentences/show/199202,https://tatoeba.org/en/sentences/show/36403,,CK,CC BY 2.0 FR,pending,,,,,,,
jmdict:2013900:あか:赤:s0,e1c54a3d17ff5c4d6c49826b228634aa4dc5901b1d5bc7863acb4a54cd283569,赤,あか,N5,"[""red"", ""crimson"", ""scarlet""]","[{""labels"": [], ""meanings"": [""red"", ""crimson"", ""scarlet""], ""notes"": [], ""pos"": [""noun (common) (futsuumeishi)"", ""nouns which may take the genitive case particle 'no'""], ""readings"": [], ""spellings"": []}, {""labels"": [], ""meanings"": [""red-containing colour (e.g. brown, pink, orange)""], ""notes"": [], ""pos"": [""noun (common) (futsuumeishi)""], ""readings"": [], ""spellings"": []}, {""labels"": [""colloquial""], ""meanings"": [""Red (i.e. communist)""], ""notes"": [""often written as アカ""], ""pos"": [""noun (common) (futsuumeishi)""], ""readings"": [], ""spellings"": []}, {""labels"": [""abbreviation""], ""meanings"": [""red light (traffic)""], ""notes"": [""See also: 赤信号・1""], ""pos"": [""noun (common) (futsuumeishi)""], ""readings"": [], ""spellings"": []}, {""labels"": [""abbreviation""], ""meanings"": [""red ink (i.e. in finance or proof-reading)"", ""(in) the red""], ""notes"": [""See also: 赤字・1"", ""See also: 赤字・2""], ""pos"": [""noun (common) (futsuumeishi)""], ""readings"": [], ""spellings"": []}, {""labels"": [], ""meanings"": [""complete"", ""total"", ""perfect"", ""obvious""], ""notes"": [""See also: 赤の他人""], ""pos"": [""nouns which may take the genitive case particle 'no'""], ""readings"": [], ""spellings"": []}, {""labels"": [""abbreviation""], ""meanings"": [""copper""], ""notes"": [""See also: 銅・あかがね・1""], ""pos"": [""noun (common) (futsuumeishi)""], ""readings"": [], ""spellings"": [""赤""]}, {""labels"": [""abbreviation"", ""hanafuda""], ""meanings"": [""red 5-point card""], ""notes"": [""See also: あかたん""], ""pos"": [""noun (common) (futsuumeishi)""], ""readings"": [], ""spellings"": []}]","{""headword"": ""赤"", ""level"": ""N5"", ""reading"": ""あか""}",03,74141,329579,サダムが脅威でないなどと言うのは、赤がかった反戦運動の人達くらい。,It's only the anti-war pinkos who say things like Saddam isn't a threat.,59f510f205b9d129b69e17fa7eaa18e457972fb4111fff7d4747ea5ec0ce6f2a,4e14a9c0a293c0c3da52531301da2a0efa5c64fc5acd2113e311bb7fbb1d1036,https://tatoeba.org/en/sentences/show/74141,https://tatoeba.org/en/sentences/show/329579,fcbond,fcbond,CC BY 2.0 FR,pending,,,,,,,
jmdict:1383240:あかい:紅い:s0,e2eb9421a6207d1f3e6477d1e96967b904079b05aeae5af04b9643fbce0ae691,紅い,あかい,N5,"[""red"", ""crimson"", ""scarlet"", ""vermilion""]","[{""labels"": [], ""meanings"": [""red"", ""crimson"", ""scarlet"", ""vermilion""], ""notes"": [""esp. 紅い for scarlet, 朱い for vermilion""], ""pos"": [""adjective (keiyoushi)""], ""readings"": [], ""spellings"": []}, {""labels"": [""colloquial""], ""meanings"": [""Red"", ""communist""], ""notes"": [], ""pos"": [""adjective (keiyoushi)""], ""readings"": [], ""spellings"": []}]","{""headword"": ""赤い"", ""level"": ""N5"", ""reading"": ""あかい""}",01,88306,315401,彼女は赤いスカートをはいていた。,She was wearing a red skirt.,84b90522744d6f980ebd45525ae62105e5ec3fc5271a8ff0829867ff621a01d0,ea304ee23147af2182971bc93a0cdcb27d5d7a5046d60979c03d1600a29a2a6c,https://tatoeba.org/en/sentences/show/88306,https://tatoeba.org/en/sentences/show/315401,bunbuku,CK,CC BY 2.0 FR,pending,,,,,,,
jmdict:1532350:あかるい:明るい:s0,6d06586e788fbc72d00147ed6f4ff4b31dcb2e7e4825386072dd130d9f50b769,明るい,あかるい,N5,"[""light"", ""bright"", ""well-lit"", ""well-lighted""]","[{""labels"": [], ""meanings"": [""light"", ""bright"", ""well-lit"", ""well-lighted""], ""notes"": [], ""pos"": [""adjective (keiyoushi)""], ""readings"": [], ""spellings"": []}, {""labels"": [], ""meanings"": [""bright (colour)""], ""notes"": [], ""pos"": [""adjective (keiyoushi)""], ""readings"": [], ""spellings"": []}, {""labels"": [], ""meanings"": [""cheerful"", ""bright"", ""spirited"", ""sunny (e.g. disposition)""], ""notes"": [], ""pos"": [""adjective (keiyoushi)""], ""readings"": [], ""spellings"": []}, {""labels"": [], ""meanings"": [""bright (future, prospects, etc.)"", ""rosy"", ""encouraging"", ""promising""], ""notes"": [], ""pos"": [""adjective (keiyoushi)""], ""readings"": [], ""spellings"": []}, {""labels"": [], ""meanings"": [""knowledgeable (about)"", ""familiar (with)"", ""well versed (in)"", ""well acquainted (with)""], ""notes"": [""as ...に明るい""], ""pos"": [""adjective (keiyoushi)""], ""readings"": [], ""spellings"": []}, {""labels"": [], ""meanings"": [""fair (e.g. politics)"", ""clean"", ""impartial""], ""notes"": [], ""pos"": [""adjective (keiyoushi)""], ""readings"": [], ""spellings"": []}]","{""headword"": ""明るい"", ""level"": ""N5"", ""reading"": ""あかるい""}",05,75642,328076,君はなかなか地理に明るいな。,You're pretty good with the lay of the land.,55a80f3855639a531d67488deb78b971ad07b56fa3c757c0ad49cc0ddf4abe11,a9fde21e5ba7dc986dc8e682f3196d6eeb38683620b9f54646b506f5564496bb,https://tatoeba.org/en/sentences/show/75642,https://tatoeba.org/en/sentences/show/328076,mookeee,,CC BY 2.0 FR,pending,,,,,,,
jmdict:1332650:あき:秋:s0,1afd8dd50b7f2a3b90f1cc8240c6c60ab828c7290be4cdd89b01ea8b8e79975c,秋,あき,N5,"[""autumn"", ""fall""]","[{""labels"": [], ""meanings"": [""autumn"", ""fall""], ""notes"": [], ""pos"": [""noun (common) (futsuumeishi)"", ""adverb (fukushi)""], ""readings"": [], ""spellings"": []}]","{""headword"": ""秋"", ""level"": ""N5"", ""reading"": ""あき""}",,148208,266351,秋には木の葉が落ちる。,Leaves fall in the autumn.,2aabf10e3851a7aa496d587d256febc513aeeb105aac78f8a4794ccd4036f666,96159338103ca4a2112160c23a0b6cbe070f6f4cb21d58ca24589f98fa75b58a,https://tatoeba.org/en/sentences/show/148208,https://tatoeba.org/en/sentences/show/266351,small_snow,CK,CC BY 2.0 FR,pending,,,,,,,
jmdict:1586270:あく:開く:s0,fc9d9ee53431ba77d84ac4dcfa8ad0410de187ccba773afe3b18d42e391466d2,開く,あく,N5,"[""to open (e.g. doors)""]","[{""labels"": [], ""meanings"": [""to open (e.g. doors)""], ""notes"": [""esp. 開く""], ""pos"": [""Godan verb with 'ku' ending"", ""intransitive verb""], ""readings"": [], ""spellings"": []}, {""labels"": [], ""meanings"": [""to open (e.g. business, etc.)""], ""notes"": [""esp. 開く""], ""pos"": [""Godan verb with 'ku' ending"", ""intransitive verb""], ""readings"": [], ""spellings"": []}, {""labels"": [], ""meanings"": [""to be empty""], ""notes"": [""esp. 空く""], ""pos"": [""Godan verb with 'ku' ending"", ""intransitive verb""], ""readings"": [], ""spellings"": []}, {""labels"": [], ""meanings"": [""to be vacant"", ""to be available"", ""to be free""], ""notes"": [""esp. 空く""], ""pos"": [""Godan verb with 'ku' ending"", ""intransitive verb""], ""readings"": [], ""spellings"": []}, {""labels"": [], ""meanings"": [""to be open (e.g. neckline, etc.)""], ""notes"": [""esp. 明く""], ""pos"": [""Godan verb with 'ku' ending"", ""intransitive verb""], ""readings"": [], ""spellings"": []}, {""labels"": [], ""meanings"": [""to have been opened (of one's eyes, mouth, etc.)""], ""notes"": [""esp. 明く""], ""pos"": [""Godan verb with 'ku' ending"", ""intransitive verb""], ""readings"": [], ""spellings"": []}, {""labels"": [], ""meanings"": [""to come to an end""], ""notes"": [""esp. 明く""], ""pos"": [""Godan verb with 'ku' ending"", ""intransitive verb""], ""readings"": [], ""spellings"": []}, {""labels"": [], ""meanings"": [""to open (one's eyes, mouth, etc.)""], ""notes"": [""esp. 明く""], ""pos"": [""Godan verb with 'ku' ending"", ""transitive verb""], ""readings"": [], ""spellings"": []}, {""labels"": [], ""meanings"": [""to have a hole"", ""to form a gap"", ""to have an interval (between events)""], ""notes"": [""See also: 穴が開く""], ""pos"": [""Godan verb with 'ku' ending"", ""intransitive verb""], ""readings"": [], ""spellings"": []}]","{""headword"": ""開く"", ""level"": ""N5"", ""reading"": ""あく""}",09,207128,44379,その皮製の上着の両肘部分が擦り減って穴が空いた。,The leather jacket has worn out at the elbows.,bc5e691491502127e8b975f79295d2119cb86da4eeb236d35e6c757a9335f05a,587972275349dd1e8b62a140524e98ec68bea3a4b5f56085602885fbc632788b,https://tatoeba.org/en/sentences/show/207128,https://tatoeba.org/en/sentences/show/44379,,,CC BY 2.0 FR,pending,,,,,,,
jmdict:1202450:あける:開ける:s0,23677a57d63e56c9aaeeb85d3ba670fd7961ee5224b2ef9a10e98149511a8d30,開ける,あける,N5,"[""to open (a door, etc.)"", ""to unwrap (e.g. parcel, package)"", ""to unlock""]","[{""labels"": [], ""meanings"": [""to open (a door, etc.)"", ""to unwrap (e.g. parcel, package)"", ""to unlock""], ""notes"": [], ""pos"": [""Ichidan verb"", ""transitive verb""], ""readings"": [], ""spellings"": [""開ける""]}, {""labels"": [], ""meanings"": [""to open (for business, etc.)""], ""notes"": [], ""pos"": [""Ichidan verb"", ""transitive verb""], ""readings"": [], ""spellings"": [""開ける""]}, {""labels"": [], ""meanings"": [""to empty"", ""to remove"", ""to make space"", ""to make room""], ""notes"": [""esp. 空ける""], ""pos"": [""Ichidan verb"", ""transitive verb""], ""readings"": [], ""spellings"": []}, {""labels"": [], ""meanings"": [""to move out"", ""to clear out""], ""notes"": [""esp. 空ける""], ""pos"": [""Ichidan verb"", ""transitive verb""], ""readings"": [], ""spellings"": []}, {""labels"": [], ""meanings"": [""to be away from (e.g. one's house)"", ""to leave (temporarily)""], ""notes"": [""esp. 空ける""], ""pos"": [""Ichidan verb"", ""transitive verb""], ""readings"": [], ""spellings"": []}, {""labels"": [], ""meanings"": [""to dawn"", ""to grow light""], ""notes"": [""esp. 明ける""], ""pos"": [""Ichidan verb"", ""intransitive verb""], ""readings"": [], ""spellings"": []}, {""labels"": [], ""meanings"": [""to end (of a period, season)""], ""notes"": [""esp. 明ける""], ""pos"": [""Ichidan verb"", ""intransitive verb""], ""readings"": [], ""spellings"": []}, {""labels"": [], ""meanings"": [""to begin (of the New Year)""], ""notes"": [""esp. 明ける""], ""pos"": [""Ichidan verb"", ""intransitive verb""], ""readings"": [], ""spellings"": []}, {""labels"": [], ""meanings"": [""to leave (one's schedule) open"", ""to make time (for)""], ""notes"": [""esp. 明ける""], ""pos"": [""Ichidan verb"", ""intransitive verb""], ""readings"": [], ""spellings"": []}, {""labels"": [], ""meanings"": [""to make (a hole)"", ""to open up (a hole)""], ""notes"": [], ""pos"": [""Ichidan verb"", ""intransitive verb""], ""readings"": [], ""spellings"": []}]","{""headword"": ""開ける"", ""level"": ""N5"", ""reading"": ""あける""}",03,170206,244278,財布の中身をこの袋に空けなさい。,Empty the purse into this bag.,61b5967d4ce1ed2ad80e501bafea4efbbda6c9f699a518603c7a0469d3784b60,3abf000faad143435f6dc4be8dd9171a9107fd512c03d5bb0fa7bf043376eb22,https://tatoeba.org/en/sentences/show/170206,https://tatoeba.org/en/sentences/show/244278,,sundown,CC BY 2.0 FR,pending,,,,,,,
jmdict:1352320:あげる:上げる:s0,88a55699ff7790474f02b90b5a641f92b50ad00ad0508b19b4114d448d209782,上げる,あげる,N5,"[""to raise"", ""to elevate""]","[{""labels"": [], ""meanings"": [""to raise"", ""to elevate""], ""notes"": [""See also: 手を上げる・1"", ""See also: 挙げる・9"", ""Antonym: 下げる・2""], ""pos"": [""Ichidan verb"", ""transitive verb""], ""readings"": [], ""spellings"": []}, {""labels"": [], ""meanings"": [""to move something (to a higher place)"", ""to put onto (e.g. a shelf)""], ""notes"": [], ""pos"": [""Ichidan verb"", ""transitive verb""], ""readings"": [], ""spellings"": []}, {""labels"": [], ""meanings"": [""to increase (price, quality, status, etc.)"", ""to raise (a wage)""], ""notes"": [""occ. 騰げる in ref. to price""], ""pos"": [""Ichidan verb"", ""transitive verb""], ""readings"": [], ""spellings"": []}, {""labels"": [], ""meanings"": [""to show someone (into a room)"", ""to let in (e.g. a guest)""], ""notes"": [], ""pos"": [""Ichidan verb"", ""transitive verb""], ""readings"": [], ""spellings"": []}, {""labels"": [""polite (teineigo) language"", ""word usually written using kana alone""], ""meanings"": [""to give""], ""notes"": [], ""pos"": [""Ichidan verb"", ""transitive verb""], ""readings"": [], ""spellings"": []}, {""labels"": [], ""meanings"": [""to enrol (one's child in school)"", ""to enroll"", ""to send (one's child; e.g. to college)""], ""notes"": [], ""pos"": [""Ichidan verb"", ""transitive verb""], ""readings"": [], ""spellings"": []}, {""labels"": [], ""meanings"": [""to develop (talent, skill, etc.)"", ""to improve""], ""notes"": [], ""pos"": [""Ichidan verb"", ""transitive verb""], ""readings"": [], ""spellings"": []}, {""labels"": [], ""meanings"": [""to earn (something desirable)"", ""to achieve (e.g. a good result)"", ""to obtain""], ""notes"": [""See also: 挙げる・11""], ""pos"": [""Ichidan verb"", ""transitive verb""], ""readings"": [], ""spellings"": []}, {""labels"": [], ""meanings"": [""to promote (someone)""], ""notes"": [], ""pos"": [""Ichidan verb"", ""transitive verb""], ""readings"": [], ""spellings"": []}, {""labels"": [], ""meanings"": [""to complete"", ""to finish""], ""notes"": [], ""pos"": [""Ichidan verb"", ""transitive verb""], ""readings"": [], ""spellings"": []}, {""labels"": [], ""meanings"": [""to make (a loud sound)"", ""to raise (one's voice)""], ""notes"": [""See also: 声を上げる・1"", ""See also: 挙げる・10""], ""pos"": [""Ichidan verb"", ""transitive verb""], ""readings"": [], ""spellings"": []}, {""labels"": [], ""meanings"": [""to raise (one's gaze)"", ""to lift up (one's face)"", ""to look up""], ""notes"": [], ""pos"": [""Ichidan verb"", ""transitive verb""], ""readings"": [], ""spellings"": []}, {""labels"": [], ""meanings"": [""to do up (one's hair)""], ""notes"": [""See also: 髪を上げる""], ""pos"": [""Ichidan verb"", ""transitive verb""], ""readings"": [], ""spellings"": []}, {""labels"": [], ""meanings"": [""to offer up (incense, a prayer, etc.) to the gods (or Buddha, etc.)""], ""notes"": [], ""pos"": [""Ichidan verb"", ""transitive verb""], ""readings"": [], ""spellings"": []}, {""labels"": [], ""meanings"": [""to praise"", ""to commend"", ""to flatter""], ""notes"": [], ""pos"": [""Ichidan verb"", ""transitive verb""], ""readings"": [], ""spellings"": []}, {""labels"": [], ""meanings"": [""to make do (with less expenses than expected)"", ""to cover expenses (with a given amount)"", ""to set costs""], ""notes"": [], ""pos"": [""Ichidan verb"", ""transitive verb""], ""readings"": [], ""spellings"": []}, {""labels"": [], ""meanings"": [""to finish (one's studies)"", ""to complete (a lesson)"", ""to pass (e.g. a class)""], ""notes"": [], ""pos"": [""Ichidan verb"", ""transitive verb""], ""readings"": [], ""spellings"": []}, {""labels"": [], ""meanings"": [""to upload (e.g. an image)"", ""to publish (on the internet)"", ""to post""], ""notes"": [], ""pos"": [""Ichidan verb"", ""transitive verb""], ""readings"": [], ""spellings"": []}, {""labels"": [""colloquial""], ""meanings"": [""to raise someone's spirits"", ""to cheer someone up"", ""to enhance a mood""], ""notes"": [""esp. as アゲる""], ""pos"": [""Ichidan verb"", ""transitive verb""], ""readings"": [], ""spellings"": []}, {""labels"": [], ""meanings"": [""(of the tide) to come in"", ""to rise""], ""notes"": [], ""pos"": [""Ichidan verb"", ""intransitive verb""], ""readings"": [], ""spellings"": []}, {""labels"": [""finance""], ""meanings"": [""to increase (of market price)"", ""to rise (of stock prices)""], ""notes"": [], ""pos"": [""Ichidan verb"", ""intransitive verb""], ""readings"": [], ""spellings"": []}, {""labels"": [], ""meanings"": [""to vomit"", ""to throw up""], ""notes"": [], ""pos"": [""Ichidan verb"", ""intransitive verb"", ""transitive verb""], ""readings"": [], ""spellings"": []}, {""labels"": [""word usually written using kana alone"", ""polite (teineigo) language""], ""meanings"": [""to do for (the sake of someone else)""], ""notes"": [""after the -te form of a verb""], ""pos"": [""auxiliary verb"", ""Ichidan verb""], ""readings"": [], ""spellings"": []}, {""labels"": [], ""meanings"": [""to complete ...""], ""notes"": [""after the -masu stem of a verb"", ""See also: 作り上げる・1""], ""pos"": [""suffix"", ""Ichidan verb""], ""readings"": [], ""spellings"": []}, {""labels"": [""humble (kenjougo) language""], ""meanings"": [""to humbly do ...""], ""notes"": [""after the -masu stem of a humble verb to increase the level of humility"", ""See also: 申し上げる・2""], ""pos"": [""suffix"", ""Ichidan verb""], ""readings"": [], ""spellings"": []}]","{""headword"": ""上げる"", ""level"": ""N5"", ""reading"": ""あげる""}",01,78077,325641,両手をあげろ！,Hands up!,724f5630f1b14e5c743d37dda87200ea38ebfba5c8a87219800cb3bb98b6a7b4,b7e24ef3bfe2d9637ded4ae1d48eea98bef9c02377b3871f1eaab8c3567e8ffa,https://tatoeba.org/en/sentences/show/78077,https://tatoeba.org/en/sentences/show/325641,wat,Liface,CC BY 2.0 FR,pending,,,,,,,
jmdict:1428280:あさ:朝:s0,2e7041278c52840c115446fe35c0fa2a4e0faa9b627a411bb92c2985d0855eac,朝,あさ,N5,"[""morning""]","[{""labels"": [], ""meanings"": [""morning""], ""notes"": [], ""pos"": [""noun (common) (futsuumeishi)"", ""adverb (fukushi)""], ""readings"": [], ""spellings"": []}, {""labels"": [], ""meanings"": [""breakfast""], ""notes"": [], ""pos"": [""noun (common) (futsuumeishi)""], ""readings"": [], ""spellings"": []}]","{""headword"": ""朝"", ""level"": ""N5"", ""reading"": ""あさ""}",,235070,72449,６月にしては寒い朝だ。,It is a cold morning for June.,f836363e2f9cbd9d0e846b04e1457c6fb47f879ca64241f378eaca0782473bef,039839613643a05cf2b9edabd2d78f71afa620cf468cba7bfdf3765bc76f5d2d,https://tatoeba.org/en/sentences/show/235070,https://tatoeba.org/en/sentences/show/72449,e4zh1nmcz,CK,CC BY 2.0 FR,pending,,,,,,,
jmdict:1584640:あさって:明後日:s0,b46f3135a49d63ebb040030041801c4cd495bb6c00229b1e661a3714887bec40,明後日,あさって,N5,"[""day after tomorrow""]","[{""labels"": [], ""meanings"": [""day after tomorrow""], ""notes"": [], ""pos"": [""noun (common) (futsuumeishi)"", ""adverb (fukushi)""], ""readings"": [], ""spellings"": []}, {""labels"": [], ""meanings"": [""wrong (e.g. direction)""], ""notes"": [""See also: あさっての方を向く""], ""pos"": [""nouns which may take the genitive case particle 'no'""], ""readings"": [""あさって""], ""spellings"": []}]","{""headword"": ""明後日"", ""level"": ""N5"", ""reading"": ""あさって""}",,234491,71867,あさって彼にここへ来てもらうつもりです。,I will have him come here the day after tomorrow.,74b02fd48079ce590b0e04f8d58b12b9cb23030350c45abcc5eeb8b91127a11a,88404518cb573b9af47c919202aa883f75261d5f6a86ea1ae13389d32aac860c,https://tatoeba.org/en/sentences/show/234491,https://tatoeba.org/en/sentences/show/71867,Yassan,CK,CC BY 2.0 FR,pending,,,,,,,
jmdict:1584660:あした:明日:s0,ccc62ddfa5ec95e654567525ad999d29fadaf9d5ba91132b2200acce9f40890f,明日,あした,N5,"[""tomorrow""]","[{""labels"": [], ""meanings"": [""tomorrow""], ""notes"": [], ""pos"": [""noun (common) (futsuumeishi)"", ""adverb (fukushi)""], ""readings"": [], ""spellings"": []}, {""labels"": [], ""meanings"": [""near future""], ""notes"": [], ""pos"": [""noun (common) (futsuumeishi)"", ""adverb (fukushi)""], ""readings"": [""あす""], ""spellings"": []}]","{""headword"": ""明日"", ""level"": ""N5"", ""reading"": ""あした""}",,234469,71843,あしたは一日中ひまです。,I'll be free all day tomorrow.,44590adc07356ba4dc339d3c2fd6c49ef62cb7347d016c954dfdbba5979bd314,81b8d3d199906a5890e0d523b93acdd930683a3821acebef4b7d546c32885218,https://tatoeba.org/en/sentences/show/234469,https://tatoeba.org/en/sentences/show/71843,Kaede,CK,CC BY 2.0 FR,pending,,,,,,,
jmdict:1542160:あそぶ:遊ぶ:s3,ba35f3d477a18142b1c64b99995b027624cc9333e4c6444ae41d241b03205a12,遊ぶ,あそぶ,N5,"[""to meet up (with friends)"", ""to hang out""]","[{""labels"": [], ""meanings"": [""to play (games, sports)"", ""to enjoy oneself"", ""to have a good time""], ""notes"": [], ""pos"": [""Godan verb with 'bu' ending"", ""intransitive verb""], ""readings"": [], ""spellings"": []}, {""labels"": [], ""meanings"": [""to mess about (with alcohol, gambling, philandery, etc.)""], ""notes"": [], ""pos"": [""Godan verb with 'bu' ending"", ""intransitive verb""], ""readings"": [], ""spellings"": []}, {""labels"": [], ""meanings"": [""to be idle"", ""to do nothing"", ""to be unused""], ""notes"": [], ""pos"": [""Godan verb with 'bu' ending"", ""intransitive verb""], ""readings"": [], ""spellings"": []}, {""labels"": [], ""meanings"": [""to meet up (with friends)"", ""to hang out""], ""notes"": [], ""pos"": [""Godan verb with 'bu' ending"", ""intransitive verb""], ""readings"": [], ""spellings"": []}, {""labels"": [], ""meanings"": [""to give oneself up (to gambling, drinking, etc.)""], ""notes"": [], ""pos"": [""Godan verb with 'bu' ending"", ""intransitive verb""], ""readings"": [], ""spellings"": []}, {""labels"": [], ""meanings"": [""to go to (for pleasure or for study)""], ""notes"": [""as 〜に遊ぶ""], ""pos"": [""Godan verb with 'bu' ending"", ""intransitive verb""], ""readings"": [], ""spellings"": []}, {""labels"": [], ""meanings"": [""to tease (someone)"", ""to play (with)""], ""notes"": [""See also: もてあそぶ・2""], ""pos"": [""Godan verb with 'bu' ending"", ""intransitive verb""], ""readings"": [], ""spellings"": []}, {""labels"": [""baseball""], ""meanings"": [""to intentionally throw a ball to lower the batter's concentration""], ""notes"": [], ""pos"": [""Godan verb with 'bu' ending"", ""intransitive verb""], ""readings"": [], ""spellings"": []}]","{""headword"": ""遊ぶ"", ""level"": ""N5"", ""reading"": ""あそぶ""}",03,211540,48817,その機械は今遊んでいる。,The machine is lying idle.,eb977203cb753cdf2b9e8c0c46a9784e18e1916fa1fe04ca1c126642f8959bd5,a268983ace3ea98875873e913ef6471e6bb7bd2b8d515494309ed501233f3637,https://tatoeba.org/en/sentences/show/211540,https://tatoeba.org/en/sentences/show/48817,small_snow,,CC BY 2.0 FR,pending,,,,,,,
jmdict:1586420:あたたかい:暖かい:s0,f43dfcdc9ae091419da2e2f27415b954757bc0e1e961c57538ad8701bda982f6,暖かい,あたたかい,N5,"[""warm"", ""mild"", ""(pleasantly) hot""]","[{""labels"": [], ""meanings"": [""warm"", ""mild"", ""(pleasantly) hot""], ""notes"": [""暖かい usu. refers to air temperature""], ""pos"": [""adjective (keiyoushi)""], ""readings"": [], ""spellings"": []}, {""labels"": [], ""meanings"": [""considerate"", ""kind"", ""genial""], ""notes"": [], ""pos"": [""adjective (keiyoushi)""], ""readings"": [], ""spellings"": [""温かい""]}, {""labels"": [], ""meanings"": [""warm (of a colour)"", ""mellow""], ""notes"": [], ""pos"": [""adjective (keiyoushi)""], ""readings"": [], ""spellings"": [""暖かい""]}, {""labels"": [], ""meanings"": [""having enough money""], ""notes"": [], ""pos"": [""adjective (keiyoushi)""], ""readings"": [], ""spellings"": [""暖かい""]}]","{""headword"": ""暖かい"", ""level"": ""N5"", ""reading"": ""あたたかい""}",02,88590,315117,彼女は心の温かい人なんです。,She has a kind heart.,b02f81578ac7ecd9a908c56fdb3ce88318d166250f33dbfdfe6250ee345e84a7,9a26563cdb50f5a6f3b1c8ec1aaa668d08f478cfb12bb0fb698d93f0d9b66e67,https://tatoeba.org/en/sentences/show/88590,https://tatoeba.org/en/sentences/show/315117,bunbuku,CK,CC BY 2.0 FR,pending,,,,,,,
jmdict:1582310:あたま:頭:s0,99675f01996d05e380702c78e1ae365a150cbe3f65a8de438306e19f62f5d1f0,頭,あたま,N5,"[""head""]","[{""labels"": [], ""meanings"": [""head""], ""notes"": [], ""pos"": [""noun (common) (futsuumeishi)""], ""readings"": [], ""spellings"": []}, {""labels"": [], ""meanings"": [""hair (on one's head)""], ""notes"": [], ""pos"": [""noun (common) (futsuumeishi)""], ""readings"": [], ""spellings"": []}, {""labels"": [], ""meanings"": [""mind"", ""brains"", ""intellect""], ""notes"": [], ""pos"": [""noun (common) (futsuumeishi)""], ""readings"": [""あたま""], ""spellings"": []}, {""labels"": [], ""meanings"": [""leader"", ""chief"", ""boss"", ""captain""], ""notes"": [], ""pos"": [""noun (common) (futsuumeishi)""], ""readings"": [], ""spellings"": []}, {""labels"": [], ""meanings"": [""top"", ""tip""], ""notes"": [], ""pos"": [""noun (common) (futsuumeishi)""], ""readings"": [], ""spellings"": []}, {""labels"": [], ""meanings"": [""beginning"", ""start""], ""notes"": [], ""pos"": [""noun (common) (futsuumeishi)""], ""readings"": [], ""spellings"": []}, {""labels"": [], ""meanings"": [""head"", ""person""], ""notes"": [""See also: 頭数""], ""pos"": [""noun (common) (futsuumeishi)""], ""readings"": [""あたま""], ""spellings"": []}, {""labels"": [""abbreviation""], ""meanings"": [""down payment"", ""deposit""], ""notes"": [""See also: 頭金""], ""pos"": [""noun (common) (futsuumeishi)""], ""readings"": [""あたま""], ""spellings"": []}, {""labels"": [], ""meanings"": [""top structural component of a kanji""], ""notes"": [], ""pos"": [""noun (common) (futsuumeishi)""], ""readings"": [""かしら""], ""spellings"": []}, {""labels"": [""colloquial"", ""mahjong""], ""meanings"": [""pair""], ""notes"": [""See also: 雀頭・ジャントー""], ""pos"": [""noun (common) (futsuumeishi)""], ""readings"": [""あたま""], ""spellings"": []}]","{""headword"": ""頭"", ""level"": ""N5"", ""reading"": ""あたま""}",03,168116,246380,私、ケンと付き合ってるの。彼って、カッコ良くて優しくて、頭もいいの。おまけに、独身よ！,"I'm going with Ken. He is cool, gentle and smart. What's more, he is single!",45bc6390ed990a35e0074da189c9dbb7b0978bda29c004fa819d74336aba4e7d,7d99d1c33d9c5912c9ed858634f6a4d3dc1180936ef3ea0902b2ef3a4a6327c2,https://tatoeba.org/en/sentences/show/168116,https://tatoeba.org/en/sentences/show/246380,,CN,CC BY 2.0 FR,pending,,,,,,,
jmdict:1361490:あたらしい:新しい:s0,6d1760fd7cb0b0f5d995446749b49b7fd3661968af846d92adf5f5931d355ce4,新しい,あたらしい,N5,"[""new"", ""novel"", ""fresh"", ""recent"", ""latest"", ""up-to-date"", ""modern""]","[{""labels"": [], ""meanings"": [""new"", ""novel"", ""fresh"", ""recent"", ""latest"", ""up-to-date"", ""modern""], ""notes"": [], ""pos"": [""adjective (keiyoushi)""], ""readings"": [], ""spellings"": []}]","{""headword"": ""新しい"", ""level"": ""N5"", ""reading"": ""あたらしい""}",,233175,70545,あなたの新しい車は調子よく動いていますか。,Is your new car behaving well?,6235ef0c96283a7aec55b414adaf876adcbb0cfa5c7a617bf24f397b00b31de6,30f6f24864b9829841b4c147f813c43a5071e15ade4a99d973e0e560cb09699f,https://tatoeba.org/en/sentences/show/233175,https://tatoeba.org/en/sentences/show/70545,,,CC BY 2.0 FR,pending,,,,,,,
jmdict:1275320:あつい:厚い:s0,feced66bdbaca88da97ced95527d21007fd58dda3738e2a2adb000c80c8b55fe,厚い,あつい,N5,"[""thick"", ""deep"", ""heavy""]","[{""labels"": [], ""meanings"": [""thick"", ""deep"", ""heavy""], ""notes"": [], ""pos"": [""adjective (keiyoushi)""], ""readings"": [], ""spellings"": [""厚い""]}, {""labels"": [], ""meanings"": [""kind"", ""cordial"", ""hospitable"", ""warm"", ""faithful""], ""notes"": [], ""pos"": [""adjective (keiyoushi)""], ""readings"": [], ""spellings"": []}, {""labels"": [], ""meanings"": [""serious (of an illness)""], ""notes"": [], ""pos"": [""adjective (keiyoushi)""], ""readings"": [], ""spellings"": [""篤い""]}, {""labels"": [], ""meanings"": [""abundant""], ""notes"": [], ""pos"": [""adjective (keiyoushi)""], ""readings"": [], ""spellings"": [""厚い""]}]","{""headword"": ""厚い"", ""level"": ""N5"", ""reading"": ""あつい""}",01,85389,318324,氷は２インチの厚さだ。,The ice is two inches thick.,3439c930491c845716990ccb94bde7607aba718d47407f43d1158dc4a1d75408,7e4d3c06010ecb5003ef783357e6978d717f2f2a149af1e7d3b19f986e25d82f,https://tatoeba.org/en/sentences/show/85389,https://tatoeba.org/en/sentences/show/318324,bunbuku,CK,CC BY 2.0 FR,pending,,,,,,,
jmdict:1343460:あつい:暑い:s0,b1fb75a2829e441fcfafceecb41e40bf3961e5d205e4a0c49bb28d177abab143,暑い,あつい,N5,"[""hot"", ""warm"", ""sultry"", ""heated""]","[{""labels"": [], ""meanings"": [""hot"", ""warm"", ""sultry"", ""heated""], ""notes"": [""Antonym: 寒い・1""], ""pos"": [""adjective (keiyoushi)""], ""readings"": [], ""spellings"": []}, {""labels"": [], ""meanings"": [""passionate"", ""impassioned"", ""burning (desire, etc.)""], ""notes"": [], ""pos"": [""adjective (keiyoushi)""], ""readings"": [], ""spellings"": []}, {""labels"": [], ""meanings"": [""on everybody's mind"", ""on the radar"", ""du jour"", ""interested (gaze, etc.)""], ""notes"": [], ""pos"": [""adjective (keiyoushi)""], ""readings"": [], ""spellings"": []}]","{""headword"": ""暑い"", ""level"": ""N5"", ""reading"": ""あつい""}",01,222850,60181,この夏最高の暑さだ。,It is the hottest this summer.,69e914261b737423da01d3d56f5ea5f504ecda48a9f89b59f8525457911b6ac7,4ea8bf8c1d9165888f3ac865497143fdbb2dde3c2e76efbb4a5dbbd94f2ccc58,https://tatoeba.org/en/sentences/show/222850,https://tatoeba.org/en/sentences/show/60181,,,CC BY 2.0 FR,pending,,,,,,,
jmdict:1467720:あつい:熱い:s0,ba744940494eb450c4661ae1811218f90b922a69d2d1d8ec3550359c147d27f0,熱い,あつい,N5,"[""hot (to the touch)""]","[{""labels"": [], ""meanings"": [""hot (to the touch)""], ""notes"": [""Antonym: 冷たい・1""], ""pos"": [""adjective (keiyoushi)""], ""readings"": [], ""spellings"": []}, {""labels"": [], ""meanings"": [""passionate (feelings, etc.)"", ""ardent"", ""hot (e.g. gaze)""], ""notes"": [""Antonym: 冷たい・2""], ""pos"": [""adjective (keiyoushi)""], ""readings"": [], ""spellings"": []}, {""labels"": [], ""meanings"": [""hot (e.g. temper)""], ""notes"": [], ""pos"": [""adjective (keiyoushi)""], ""readings"": [], ""spellings"": []}, {""labels"": [], ""meanings"": [""zealous"", ""enthusiastic"", ""fired up""], ""notes"": [], ""pos"": [""adjective (keiyoushi)""], ""readings"": [], ""spellings"": []}, {""labels"": [], ""meanings"": [""intense"", ""severe"", ""extreme""], ""notes"": [], ""pos"": [""adjective (keiyoushi)""], ""readings"": [], ""spellings"": []}, {""labels"": [], ""meanings"": [""hot (topic)"", ""of interest""], ""notes"": [], ""pos"": [""adjective (keiyoushi)""], ""readings"": [], ""spellings"": []}]","{""headword"": ""熱い"", ""level"": ""N5"", ""reading"": ""あつい""}",,215035,52330,スープは熱いうちに召し上がって下さい。,Eat your soup while it is hot.,95dea57295e97594bef3ed30fba9e5443dcb919c315dc07f5c097647b7691e99,07a76866142162b7d5178d12a0a20946538dc61cb8d597de33cb6da664cf8ad8,https://tatoeba.org/en/sentences/show/215035,https://tatoeba.org/en/sentences/show/52330,,Swift,CC BY 2.0 FR,pending,,,,,,,
jmdict:1269320:あと:後:s1,e5c43d1e9a1d3fb1cfba05772615375aebd51b83773b38512f8c09efad08c6eb,後,あと,N5,"[""after"", ""later""]","[{""labels"": [], ""meanings"": [""behind"", ""rear""], ""notes"": [""See also: 後ずさり""], ""pos"": [""noun (common) (futsuumeishi)"", ""nouns which may take the genitive case particle 'no'""], ""readings"": [], ""spellings"": []}, {""labels"": [], ""meanings"": [""after"", ""later""], ""notes"": [""See also: その後""], ""pos"": [""noun (common) (futsuumeishi)"", ""nouns which may take the genitive case particle 'no'""], ""readings"": [], ""spellings"": []}, {""labels"": [], ""meanings"": [""remainder"", ""the rest""], ""notes"": [], ""pos"": [""noun (common) (futsuumeishi)"", ""nouns which may take the genitive case particle 'no'""], ""readings"": [], ""spellings"": []}, {""labels"": [], ""meanings"": [""more (e.g. five more minutes)"", ""left""], ""notes"": [], ""pos"": [""noun (common) (futsuumeishi)"", ""adverb (fukushi)""], ""readings"": [], ""spellings"": []}, {""labels"": [], ""meanings"": [""also"", ""in addition""], ""notes"": [], ""pos"": [""noun (common) (futsuumeishi)"", ""adverb (fukushi)""], ""readings"": [], ""spellings"": []}, {""labels"": [], ""meanings"": [""descendant"", ""successor"", ""heir""], ""notes"": [], ""pos"": [""noun (common) (futsuumeishi)"", ""nouns which may take the genitive case particle 'no'""], ""readings"": [], ""spellings"": []}, {""labels"": [], ""meanings"": [""after one's death""], ""notes"": [], ""pos"": [""noun (common) (futsuumeishi)"", ""nouns which may take the genitive case particle 'no'""], ""readings"": [], ""spellings"": []}, {""labels"": [""archaic""], ""meanings"": [""past"", ""previous""], ""notes"": [], ""pos"": [""noun (common) (futsuumeishi)"", ""nouns which may take the genitive case particle 'no'""], ""readings"": [], ""spellings"": []}]","{""headword"": ""後"", ""level"": ""N5"", ""reading"": ""あと""}",01,146735,267826,少女たちのうち一人が後に残された。,One of the girls was left behind.,5482c0bc76d55e2c7b3c6bad2b31a6a358e830fb329367b1a6ded569d202dc7e,002447371ac7edfac3f29618c4395d2edaa47d2bc367117681366502bf55f0d8,https://tatoeba.org/en/sentences/show/146735,https://tatoeba.org/en/sentences/show/267826,mookeee,CK,CC BY 2.0 FR,pending,,,,,,,
jmdict:1249900:あに:兄:s0,6ae6a9658c52ca89b4cc464ffee54fdff2c3b2018c73e564daef974d5dee539d,兄,あに,N5,"[""older brother"", ""elder brother""]","[{""labels"": [], ""meanings"": [""older brother"", ""elder brother""], ""notes"": [""See also: 弟・1""], ""pos"": [""noun (common) (futsuumeishi)""], ""readings"": [], ""spellings"": []}, {""labels"": [], ""meanings"": [""brother-in-law (spouse's older brother or older sister's husband)""], ""notes"": [""See also: 義兄・1""], ""pos"": [""noun (common) (futsuumeishi)""], ""readings"": [], ""spellings"": []}]","{""headword"": ""兄"", ""level"": ""N5"", ""reading"": ""あに""}",,163804,250707,私の兄は技師になった。,My brother became an engineer.,33c50b8ba2d62bc91397af43f6ebf2f7ba3cef316c4198a64f5c271e5b360f55,c2c64a1bb596d5b4bb4b95029ddfd9626f861391cb6e8bc99dac1cae7fda2d8e,https://tatoeba.org/en/sentences/show/163804,https://tatoeba.org/en/sentences/show/250707,,CK,CC BY 2.0 FR,pending,,,,,,,
jmdict:1307630:あね:姉:s0,a458f8129e2dbb567b16b50e7b076295e05d80a8e17c9f0aa6625e00213c3a2b,姉,あね,N5,"[""older sister"", ""elder sister""]","[{""labels"": [], ""meanings"": [""older sister"", ""elder sister""], ""notes"": [], ""pos"": [""noun (common) (futsuumeishi)""], ""readings"": [], ""spellings"": []}]","{""headword"": ""姉"", ""level"": ""N5"", ""reading"": ""あね""}",,168901,245589,姉は私のズボンにアイロンをかけてくれる。,My sister presses my trousers.,c9168683923b0b5c1ff0d8113b673846cd921c97875a06cc59e5e9d90c6d1849,22634f1ef2b8f20dbecd63d73a20ebd738190f9902b69018219e349468d13713,https://tatoeba.org/en/sentences/show/168901,https://tatoeba.org/en/sentences/show/245589,,sundown,CC BY 2.0 FR,pending,,,,,,,
jmdict:1547450:あびる:浴びる:s0,17161353ddb3ffbe98e7ccf0b7c46bd446ef0400e07e018fc6c7331b1242a931,浴びる,あびる,N5,"[""to dash over oneself (e.g. water)"", ""to take (e.g. shower)"", ""to bask in (e.g. the sun)"", ""to bathe in"", ""to be flooded with (e.g. light)"", ""to be covered in""]","[{""labels"": [], ""meanings"": [""to dash over oneself (e.g. water)"", ""to take (e.g. shower)"", ""to bask in (e.g. the sun)"", ""to bathe in"", ""to be flooded with (e.g. light)"", ""to be covered in""], ""notes"": [], ""pos"": [""Ichidan verb"", ""transitive verb""], ""readings"": [], ""spellings"": []}, {""labels"": [], ""meanings"": [""to suffer (e.g. an attack)"", ""to draw (e.g. criticism, attention, praise)"", ""to have heaped upon"", ""to be showered with""], ""notes"": [], ""pos"": [""Ichidan verb"", ""transitive verb""], ""readings"": [], ""spellings"": []}]","{""headword"": ""浴びる"", ""level"": ""N5"", ""reading"": ""あびる""}",,188430,25573,屋根は日を浴びて輝いている。,The roof is shining in the sun.,1e5f62f4eeba8af6293e8a2d9b8b6a7b01c31e7a9cde6a63eedf63de1146f740,2c285eccec25eba9916897d5ffab2d9b62b021d28d81b89adbf514f808e002eb,https://tatoeba.org/en/sentences/show/188430,https://tatoeba.org/en/sentences/show/25573,,Luornu,CC BY 2.0 FR,pending,,,,,,,
jmdict:1218380:あぶない:危ない:s0,f3e8085a504368c8aea3c9e034fd4d17d4a035894610e46d285c6d37c479b187,危ない,あぶない,N5,"[""dangerous"", ""risky"", ""hazardous"", ""perilous"", ""precarious""]","[{""labels"": [], ""meanings"": [""dangerous"", ""risky"", ""hazardous"", ""perilous"", ""precarious""], ""notes"": [], ""pos"": [""adjective (keiyoushi)""], ""readings"": [], ""spellings"": []}, {""labels"": [], ""meanings"": [""in danger"", ""in jeopardy"", ""critical"", ""grave"", ""at risk""], ""notes"": [], ""pos"": [""adjective (keiyoushi)""], ""readings"": [], ""spellings"": []}, {""labels"": [], ""meanings"": [""uncertain"", ""unreliable"", ""insecure"", ""unsteady"", ""doubtful""], ""notes"": [], ""pos"": [""adjective (keiyoushi)""], ""readings"": [], ""spellings"": []}, {""labels"": [], ""meanings"": [""close (call)"", ""narrow (escape)""], ""notes"": [], ""pos"": [""adjective (keiyoushi)""], ""readings"": [], ""spellings"": []}, {""labels"": [""colloquial""], ""meanings"": [""sketchy"", ""shady"", ""dodgy""], ""notes"": [""often as アブない""], ""pos"": [""adjective (keiyoushi)""], ""readings"": [], ""spellings"": []}, {""labels"": [], ""meanings"": [""look out!"", ""watch out!"", ""be careful!""], ""notes"": [], ""pos"": [""interjection (kandoushi)""], ""readings"": [], ""spellings"": []}]","{""headword"": ""危ない"", ""level"": ""N5"", ""reading"": ""あぶない""}",03,183595,20717,危ない空模様だ。,The weather is threatening.,6689891c1bf7894addffda33989ce223da964f0a1797a42e31b449a2a675f93f,b2a2f99b7c60e812408ce1efedb7a2f98befb81bc710d9595a508fc51fc2b3eb,https://tatoeba.org/en/sentences/show/183595,https://tatoeba.org/en/sentences/show/20717,,CK,CC BY 2.0 FR,pending,,,,,,,
jmdict:1213400:あまい:甘い:s0,a8cc9443a5d9545af8b19a4ecd2c1c0ca13fed193d4a34edb2b2abe491864840,甘い,あまい,N5,"[""sweet-tasting"", ""sweet"", ""sugary"", ""sugared""]","[{""labels"": [], ""meanings"": [""sweet-tasting"", ""sweet"", ""sugary"", ""sugared""], ""notes"": [], ""pos"": [""adjective (keiyoushi)""], ""readings"": [], ""spellings"": []}, {""labels"": [], ""meanings"": [""fragrant (smelling)"", ""sweet (music)""], ""notes"": [], ""pos"": [""adjective (keiyoushi)""], ""readings"": [], ""spellings"": []}, {""labels"": [], ""meanings"": [""lightly salted"", ""light in salt"", ""not spicy""], ""notes"": [], ""pos"": [""adjective (keiyoushi)""], ""readings"": [], ""spellings"": []}, {""labels"": [], ""meanings"": [""indulgent"", ""lenient"", ""soft (on)"", ""easy-going"", ""generous""], ""notes"": [], ""pos"": [""adjective (keiyoushi)""], ""readings"": [], ""spellings"": []}, {""labels"": [], ""meanings"": [""naive"", ""overly optimistic"", ""simplistic""], ""notes"": [""See also: 甘く見る""], ""pos"": [""adjective (keiyoushi)""], ""readings"": [], ""spellings"": []}, {""labels"": [], ""meanings"": [""half-hearted"", ""not finished properly""], ""notes"": [], ""pos"": [""adjective (keiyoushi)""], ""readings"": [], ""spellings"": []}, {""labels"": [], ""meanings"": [""insufficient"", ""not satisfactory"", ""inadequate"", ""loose""], ""notes"": [], ""pos"": [""adjective (keiyoushi)""], ""readings"": [], ""spellings"": []}, {""labels"": [], ""meanings"": [""mild""], ""notes"": [], ""pos"": [""adjective (keiyoushi)""], ""readings"": [], ""spellings"": []}, {""labels"": [], ""meanings"": [""tempting"", ""enticing"", ""luring""], ""notes"": [""See also: 甘い言葉""], ""pos"": [""adjective (keiyoushi)""], ""readings"": [], ""spellings"": []}]","{""headword"": ""甘い"", ""level"": ""N5"", ""reading"": ""あまい""}",09,87340,316368,彼女は彼の甘い言葉にだまされた。,She was beguiled by his sweet words.,3a47ae7010a50e9bbb53c30827b6ccdad9cdd84b5c4c86bd4e7a23e37d969d85,b3b3001fdb16306cafdac6c2cc045724b6b20d245a2fc16d5db08843ef8c9edf,https://tatoeba.org/en/sentences/show/87340,https://tatoeba.org/en/sentences/show/316368,,,CC BY 2.0 FR,pending,,,,,,,
jmdict:1584930:あまり:あまり:s1,977dc005dfa3250b201c49a94d01a3704c1eb702225e6c3bb082764864e83b8f,あまり,あまり,N5,"[""(not) very"", ""(not) much""]","[{""labels"": [""word usually written using kana alone""], ""meanings"": [""remainder"", ""remnant"", ""rest"", ""balance"", ""surplus"", ""remains (of a meal)"", ""leftovers""], ""notes"": [], ""pos"": [""noun (common) (futsuumeishi)"", ""nouns which may take the genitive case particle 'no'""], ""readings"": [""あまり""], ""spellings"": []}, {""labels"": [""word usually written using kana alone""], ""meanings"": [""(not) very"", ""(not) much""], ""notes"": [""with neg. sentence""], ""pos"": [""adverb (fukushi)""], ""readings"": [], ""spellings"": []}, {""labels"": [""word usually written using kana alone""], ""meanings"": [""too much"", ""excessively"", ""overly""], ""notes"": [""esp. as あまりに(も)"", ""See also: あまりに"", ""See also: の余り・のあまり""], ""pos"": [""adverb (fukushi)""], ""readings"": [], ""spellings"": []}, {""labels"": [], ""meanings"": [""extreme"", ""great"", ""severe"", ""tremendous"", ""terrible""], ""notes"": [], ""pos"": [""adjectival nouns or quasi-adjectives (keiyodoshi)"", ""nouns which may take the genitive case particle 'no'""], ""readings"": [], ""spellings"": []}, {""labels"": [""colloquial""], ""meanings"": [""not very good"", ""so-so"", ""mediocre""], ""notes"": [""sometimes as あまり…""], ""pos"": [""adjectival nouns or quasi-adjectives (keiyodoshi)""], ""readings"": [], ""spellings"": []}, {""labels"": [], ""meanings"": [""more than"", ""over""], ""notes"": [], ""pos"": [""noun, used as a suffix""], ""readings"": [""あまり""], ""spellings"": []}]","{""headword"": ""余り"", ""level"": ""N5"", ""reading"": ""あまり""}",06,4956,73242,１か月あまり名古屋に居たことがある。,I lived for more than a month in Nagoya.,e622640779ee5b437cc79265897af6be84c0c70df4cfbad10f031cccece7417f,fbba98f6019ba0339ddddd71f3c50881375abface7ac786792f34ffb48fd2b08,https://tatoeba.org/en/sentences/show/4956,https://tatoeba.org/en/sentences/show/73242,bunbuku,blay_paul,CC BY 2.0 FR,pending,,,,,,,
jmdict:1171900:あめ:雨:s0,cd2583fe1165d706f4afaf11037cd1c800323b4644b9cafb4141448594c00e61,雨,あめ,N5,"[""rain""]","[{""labels"": [], ""meanings"": [""rain""], ""notes"": [], ""pos"": [""noun (common) (futsuumeishi)""], ""readings"": [], ""spellings"": []}, {""labels"": [], ""meanings"": [""rainy day"", ""rainy weather""], ""notes"": [], ""pos"": [""noun (common) (futsuumeishi)""], ""readings"": [], ""spellings"": []}, {""labels"": [], ""meanings"": [""the November suit (in hanafuda)""], ""notes"": [""See also: 花札""], ""pos"": [""noun (common) (futsuumeishi)""], ""readings"": [], ""spellings"": []}]","{""headword"": ""雨"", ""level"": ""N5"", ""reading"": ""あめ""}",,189587,26740,雨のために彼らは気力をそがれた。,The rain dampened their spirits.,547a072f4dc73dc04a62dae767111ed2160635acb319ba20041acd99fb657e3a,0727062100376f19388de742e43126c2cefc7ca14651e033c7d582fbb562cc7c,https://tatoeba.org/en/sentences/show/189587,https://tatoeba.org/en/sentences/show/26740,,CK,CC BY 2.0 FR,pending,,,,,,,
jmdict:1153520:あめ:飴:s0,97e97c435afc6499ad60d0dd279f01dd438daf85214300401b6a18fe251b3142,飴,あめ,N5,"[""(hard) candy"", ""toffee""]","[{""labels"": [""food, cooking""], ""meanings"": [""(hard) candy"", ""toffee""], ""notes"": [], ""pos"": [""noun (common) (futsuumeishi)""], ""readings"": [], ""spellings"": []}, {""labels"": [""food, cooking""], ""meanings"": [""rice-sugar"", ""sugar made from the starch of rice, potatoes, etc.""], ""notes"": [], ""pos"": [""noun (common) (futsuumeishi)""], ""readings"": [], ""spellings"": []}, {""labels"": [""abbreviation""], ""meanings"": [""amber"", ""yellowish-brown""], ""notes"": [""See also: 飴色""], ""pos"": [""noun (common) (futsuumeishi)""], ""readings"": [], ""spellings"": []}]","{""headword"": ""飴"", ""level"": ""N5"", ""reading"": ""あめ""}",01,139909,274440,息子は箱から飴を一つ取った。,My son took a candy from the box.,e8cb6c77e78b6778bfebd59ae8d1c39512d6dfbc2f359d1a8a91135f216c36c0,71e319ea747f785b134e06fa60250c6fbeb7ef4c435e8c01143d9897557f8e9f,https://tatoeba.org/en/sentences/show/139909,https://tatoeba.org/en/sentences/show/274440,,Dejo,CC BY 2.0 FR,pending,,,,,,,
